n_claims,claim_amount,claim_amount_backup,preds,pred_age,ajust_n_claim
0,3429463.56,3476556.86,3748410.3778578937,3750801.843141955,1
1,1834004.35,1908491.54,1553894.3824768066,1555069.9025755918,1.1793710025269102
2,473431.25,596167.86,347652.48235702515,348050.4971832688,1.3602372466967372
3,77992.09,77992.09,38809.20318984985,38875.13139159869,2.0062206147772628
4,NA,NA,NA,NA,10000
