n_claims,claim_amount,claim_amount_backup,preds,ajust_n_claim
0,3429463.56,3476556.86,3684296.461311481,1
1,1834004.35,1908491.54,1530001.0497223139,1.1986948311786199
2,473431.25,596167.86,340896.27669620514,1.3887838687716305
3,77992.09,77992.09,37670.71113014221,2.070364154543253
4,NA,NA,NA,10000
