n_claims,claim_amount,claim_amount_backup,preds,pred_age,ajust_n_claim
0,3429463.56,3476556.86,3653870.3597380025,3657141.9179502972,1
1,1834004.35,1908491.54,1527274.210669458,1528973.122697252,1.1995007124550654
2,473431.25,596167.86,342307.6116733551,342878.46483070846,1.3807552779196857
3,77992.09,77992.09,37922.602268218994,38016.88104748931,2.051512061249188
4,NA,NA,NA,NA,10000
